codigo,nombre,estado,tipo,region,comuna,hospital,monto_estimado,moneda,fecha_publicacion,fecha_cierre,fecha_adjudicacion,cantidad_items,date_scraped
1057389-10-LE26,SERVICIOS MEDICOS ENDOCRINOLOGIA,Cerrada,LE,Región de la Araucanía,Victoria,SERVICIO SALUD ARAUCANIA NORTE HOSPITAL VICTORIA,,CLP,2026-02-27,2026-03-16,2026-07-16,1,2026-03-17
1057489-95-LR26,CONVENIO DE SUMINISTRO DE ENGRAPADORAS LAPAROSCÓPICAS CON SISTEMA DE APLICACIÓN DE CARGAS DE TAMAÑO FIJO CON INCORPORACIÓN DE INSTRUMENTAL POR 36 MESES PARA HOSPITAL DEL SALVADOR,Publicada,LR,Región Metropolitana de Santiago,Providencia,SERVICIO DE SALUD ORIENTE HOSPITAL DEL SALVADOR,438277000.0,CLP,2026-03-16,2026-04-15,2026-08-17,1,2026-03-17
1057501-2-LE26,CONVENIO INSUMOS NEONATOLOGIA,Adjudicada,LE,Región Metropolitana de Santiago,Puente Alto,COMPLEJO ASISTENCIAL DR. SOTERO DEL RIO,,CLP,2026-01-12,2026-01-23,2026-03-16,7,2026-03-17
1058078-14-LP26,COMPRA DE DETERMINACIONES DE EXÁMENES DE QUÍMICA INCLUYENDO ELECTROLITOS PLASMÁTICOS CON EQUIPO EN COMODATO PARA EL HOSPITAL SAN JOSÉ DE MELIPILLA,Adjudicada,LP,Región Metropolitana de Santiago,Melipilla,HOSPITAL DE MELIPILLA,348000000.0,CLP,2026-02-13,2026-02-23,2026-03-16,1,2026-03-17
1063538-227-LE25,MANTENCION DE EQUIPOS MEDICOS,Adjudicada,LE,Región de los Lagos,Osorno,HOSPITAL BASE OSORNO,,CLP,2026-02-03,2026-02-10,2026-03-16,2,2026-03-17
1063538-35-LE26,MANTENCION CORRECTIVA EQUIPOS MEDICOS,Cerrada,LE,Región de los Lagos,Osorno,HOSPITAL BASE OSORNO,,CLP,2026-03-09,2026-03-16,2026-06-16,13,2026-03-17
1180922-3-LP26,ADQUISICIÓN DE 02 AMBULANCIAS 4X4 PARA ESTABLECIMIENTOS ASISTENCIALES DE LA RED DEL SERVICIO DE SALUD LOS RÍOS BASE SAMU PANGUIPULLI Y LANCO,Cerrada,LP,Región de Los Ríos,Valdivia,SERVICIO DE SALUD LOS RIOS,297857000.0,CLP,2026-02-24,2026-03-16,2026-06-15,1,2026-03-17
1641-95-LP26,NBB - SERV. PROFESIONALES Y ADMIN. DE APOYO PARA ACTIVIDADES CLINICAS DE LA SUBDIRECCION DE ENFERMERIA - ESPECIALIDADES QUIRURGICAS,Cerrada,LP,Región Metropolitana de Santiago,,SERVICIO DE SALUD OCCIDENTE HOSPITAL SAN JUAN DE DIOS,,CLP,2026-03-04,2026-03-16,2026-06-15,4,2026-03-17
1947-43-LE26,ADQUISICIÓN DE FILTROS CANISTER Y FUNDA ESTÉRIL PARA EL HOSPITAL DE NIÑOS DR. ROBERTO DEL RÍO,Publicada,LE,Región Metropolitana de Santiago,Independencia,SERVICIO DE SALUD NORTE HOSPITAL ROBERTO DEL RIO,,CLP,2026-03-16,2026-03-26,2026-04-27,2,2026-03-17
2101-39-L126,EQUIPAMIENTO MÉDICO PARA UNIDAD DE URGENCIAS,Cerrada,L1,Región del Biobío,Cañete,HOSPITAL INTERCULTURAL KALLVU LLANKA.-,2700000.0,CLP,2026-03-11,2026-03-16,2026-05-15,10,2026-03-17
2136-9-LE26,CONVENIO SUMINISTRO PARA INSUMOS Y REACTIVOS” ANALIZADOR AUTOMATIZADO MULTI PARÁMETROS,Publicada,LE,Región de los Lagos,Frutillar,SERVICIO SALUD DEL RELONCAVI,55000000.0,CLP,2026-03-16,2026-03-26,2026-04-03,27,2026-03-17
2292-36-LE25,ADQUISICION DE EQUIPOS ODONTOLOGICOS PARA EL DEPARTAMENTO DE SALUD DE TALCA,Adjudicada,LE,Región del Maule,Talca,I MUNICIPALIDAD DE TALCA,34500000.0,CLP,2026-01-07,2026-01-19,2026-03-16,4,2026-03-17
1057489-90-LE26,CONVENIO DE SUMINISTRO DE MALLA PARA HERNIA HIATAL TIPO GORE BIO A POR 36 MESES PARA HOSPITAL DEL SALVADOR,Publicada,LE,Región Metropolitana de Santiago,Providencia,SERVICIO DE SALUD ORIENTE HOSPITAL DEL SALVADOR,40000000.0,CLP,2026-03-16,2026-03-26,2026-06-10,1,2026-03-17
1057489-93-LP26,CONVENIO DE SUMINISTRO DE ENGRAPADORAS LAPAROSCÓPICAS CON SISTEMA DE APLICACIÓN DE CARGAS DE TAMAÑO VARIABLE CON INCORPORACIÓN DE INSTRUMENTAL POR 36 MESES PARA HOSPITAL DEL SALVADOR,Publicada,LP,Región Metropolitana de Santiago,Providencia,SERVICIO DE SALUD ORIENTE HOSPITAL DEL SALVADOR,311839500.0,CLP,2026-03-16,2026-04-06,2026-07-06,1,2026-03-17
1057489-96-LE26,CONVENIO DE SUMINISTRO DE DISPOSITIVO INTRANASAL BIOSABSORBIBLE LIBERADOR DE ESTEROIDES POR 36 MESES PARA HOSPITAL DEL SALVADOR.,Publicada,LE,Región Metropolitana de Santiago,Providencia,SERVICIO DE SALUD ORIENTE HOSPITAL DEL SALVADOR,66937500.0,CLP,2026-03-16,2026-03-26,2026-06-26,1,2026-03-17
1057898-12-LP26,ADQUISICIÓN DE EQUIPAMIENTO DE GINECOLOGÍA Y OBSTETRICIA PARA EL NUEVO HOSPITAL REGIONAL DE ÑUBLE,Cerrada,LP,Región del Ñuble,Chillán,SERVICIO DE SALUD NUBLE,203480000.0,CLP,2026-02-17,2026-03-16,2026-05-18,1,2026-03-17
1075963-138-LE26,CONVENIO SERVICIO TRASLADO DE MUESTRAS BIOLÓGICAS EQUIPOS MÉDICOS Y OTROS HJNC,Cerrada,LE,Región de Arica y Parinacota,Arica,SERVICIO DE SALUD ARICA HOSP DR JUAN NOE CREVANI,,CLP,2026-03-05,2026-03-16,2026-05-01,1,2026-03-17
1079596-4-LE26,ADQUISICION DE INSUMOS DE ESCRITORIO ARICA,Cerrada,LE,Región de Arica y Parinacota,Arica,DIRECCION DE LOGISTICA DE CARABINEROS,13800000.0,CLP,2026-03-05,2026-03-16,2026-04-17,39,2026-03-17
1230848-16-LE26,ADQUISICIÓN DE INSUMOS DE ESTERILIZACIÓN COMDES,Publicada,LE,Región de Antofagasta,Calama,CORPORACIÓN MUNICIPAL DE DESARROLLO SOCIAL DE CALAMA,8358400.0,CLP,2026-03-16,2026-03-30,2026-04-21,4,2026-03-17
1237328-7-LP26,SUMINISTRO INSUMOS DE ESTERILIZACIÓN 2026 - 2027,Cerrada,LP,Región de Magallanes y de la Antártica,Punta Arenas,CORP MUNICIPAL DE PUNTA ARENAS PARA LA EDUCACION SALUD Y AT AL MENOR,,CLP,2026-02-24,2026-03-16,2026-05-15,28,2026-03-17
1247197-8-LE26,ADQUISICIÓN DE BALANZAS PARA CENTROS DE SALUD,Cerrada,LE,Región Metropolitana de Santiago,Conchalí,CORP MUNICIPAL DE CONCHALI DE EDUCACION SALUD Y ATENCION DE MENORES,34610000.0,CLP,2026-03-06,2026-03-16,2026-05-04,3,2026-03-17
1057461-9-LE26,CONTRATACIÓN DEL SERVICIO DE MANTENCIÓN Y REPARACIÓN DE VEHÍCULOS FISCALES DEL HOSPITAL DE CAUQUENES,Adjudicada,LE,Región del Maule,Cauquenes,SERVICIO DE SALUD DEL MAULE HOSPITAL DE CAUQUENES,,CLP,2026-02-23,2026-03-05,2026-03-16,2,2026-03-17
1057494-17-LE26,ADQUISICIÓN DE ROPA HOSPITALARIA PARA EL HOSPITAL,Publicada,LE,Región Metropolitana de Santiago,San Miguel,SERVICIO DE SALUD SUR HOSPITAL EXEQUIEL,,CLP,2026-03-16,2026-03-26,2026-05-18,17,2026-03-17
1057501-116-LE26,CONVENIO SUMINISTRO INSUMOS CIRUGIA EQUIPO DE MANO,Adjudicada,LE,Región Metropolitana de Santiago,Puente Alto,COMPLEJO ASISTENCIAL DR. SOTERO DEL RIO,,CLP,2026-02-27,2026-03-10,2026-03-16,6,2026-03-17
1057545-22-LP26,CONVENIO GASES CLINICOS PARA EL HOSPITAL DE LANCO,Cerrada,LP,Región de Los Ríos,Valdivia,SERVICIO DE SALUD LOS RIOS,,CLP,2026-02-18,2026-03-16,2026-06-15,1,2026-03-17
1218393-11-LE26,SERVICIO DE TRASLADO PARA EQUIPOS MÉDICOS DEL CESFAM EXTERNO VALDIVIA CON CONDUCTOR Y COMBUSTIBLE,Cerrada,LE,Región de Los Ríos,Valdivia,CONSULTORIO EXTERNO VALDIVIA,,CLP,2026-03-04,2026-03-16,2026-05-25,1,2026-03-17
1469-295-LR25,SEGURO COMPLEMENTARIO SALUD - BIENESTAR UTALCA,Adjudicada,LR,Región del Maule,Talca,UNIVERSIDAD DE TALCA,17000.0,CLF,2025-12-17,2026-01-16,2026-03-16,1,2026-03-17
1003473-194-LP25,CONTRATO DE SUMINISTRO DE CLIPS DE POLIURETANO Y OTROS PARA EL HOSPITAL DE CURICÓ,Cerrada,LP,Región del Maule,Curicó,SERVICIO DE SALUD DEL MAULE HOSPITAL DE CURICO,,CLP,2026-02-23,2026-03-16,2026-05-18,7,2026-03-17
1057480-2-LR26,ARRIENDO DE IMPRESORAS PARA EL HOSPITAL SAN JOSÉ DE MELIPILLA,Adjudicada,LR,Región Metropolitana de Santiago,Melipilla,HOSPITAL DE MELIPILLA,,CLP,2026-01-28,2026-02-27,2026-03-16,1,2026-03-17
1057503-62-LP26,ADQUISICIÓN DE KIT PRÓTESIS TOTAL DE RODILLA COMPLEJA EN MODALIDAD DE CONSIGNACIÓN POR CONVENIO DE SUMINISTRO PARA EL HOSPITAL PADRE ALBERTO HURTADO,Publicada,LP,Región Metropolitana de Santiago,San Ramón,HOSPITAL PADRE ALBERTO HURTADO,150000000.0,CLP,2026-03-16,2026-04-06,2026-07-06,1,2026-03-17
1057539-262-LR25,CONV. SUMINISTRO INSUMOS DAN CON COMODATO EQ Y MOB,Adjudicada,LR,Región de los Lagos,,HOSPITAL PUERTO MONTT SERVICIO DE SALUD DEL RELONCAVI,813531600.0,CLP,2025-12-30,2026-02-02,2026-03-16,1,2026-03-17
1057543-11-LP26,INSUMOS REPARACION ARTROSCÓPICA HOMBRO,Cerrada,LP,Región del Biobío,Tomé,SERVICIO DE SALUD TALCAHUANO HOSPITAL DE,,CLP,2026-02-23,2026-03-16,2026-04-16,1,2026-03-17
1198-12-LE26,INSUMOS EQUIPAMIENTO SERVICIOS Y ACTIVOS FIJOS PARA CENTRO DE CIENCIAS APLICADAS AL DEPORTE - ENTRENAMIENTOS PROMESAS CHILE,Publicada,LE,Región de Valparaíso,,INSTITUTO NACIONAL DE DEPORTES DE CHILE,7200000.0,CLP,2026-03-16,2026-03-26,2026-04-06,5,2026-03-17
2661-1-LP26,CONST CIERRE PERIMETRAL PISCINAS RELLENO SANITARIO,Adjudicada,LP,Región de Magallanes y de la Antártica,Puerto Natales,ILUSTRE MUNICIPALIDAD DE NATALES,120567886.0,CLP,2026-01-27,2026-02-26,2026-03-16,1,2026-03-17
1003473-176-LP25,OXÍMETROS DE PULSO Y EQUIPO EN COMODATO PARA EL SERVICIO DE NEONATOLOGÍA DEL HOSPITAL DE CURICÓ,Revocada,LP,Región del Maule,,SERVICIO DE SALUD DEL MAULE HOSPITAL DE CURICO,,CLP,2025-12-03,2025-12-23,2026-02-27,1,2026-03-17
1057049-48-LP26,JCD INSUMOS VARIOS PARA UNIDAD DE UROLOGIA,Cerrada,LP,Región Metropolitana de Santiago,Santiago,SERV SALUD METROPOLITANO CENTRAL HOSPITAL CLINICO SAN BORJA ARRIARAN,,CLP,2026-02-23,2026-03-16,2026-05-20,12,2026-03-17
1057474-6-LP26,INSTRUMENTAL QUIRURGICO HOSPITAL ROBERTO DEL RIO,Cerrada,LP,Región Metropolitana de Santiago,Independencia,SERVICIO DE SALUD METROPOLITANO NORTE,,CLP,2026-02-13,2026-03-16,2026-04-28,7,2026-03-17
1057503-18-LR26,CONTRATACIÓN DE LOS SERVICIOS DE MANTENCIÓN PREVENTIVA CORRECTIVA Y HABILITACIÓN DE LOS SISTEMAS ELÉCTRICOS PARA EL HOSPITAL PADRE ALBERTO HURTADO,Cerrada,LR,Región Metropolitana de Santiago,San Ramón,HOSPITAL PADRE ALBERTO HURTADO,674000000.0,CLP,2026-02-04,2026-03-16,2026-06-15,2,2026-03-17
1057898-66-LR25,ADQUISICIÓN DE EQUIPAMIENTO DE SISTEMAS DE TELEVISIÓN Y OTROS PARA EL NUEVO HOSPITAL REGIONAL DE ÑUBLE,Adjudicada,LR,Región del Ñuble,Chillán,SERVICIO DE SALUD NUBLE,249362000.0,CLP,2025-10-24,2025-11-24,2026-03-16,3,2026-03-17
1058045-3-LP26,CONVENIO DE SUMINISTRO DE FÁRMACOS ANTICONVULSIVANTES PARA CONTINUIDAD DE TRATAMIENTO PARA EL HOSPITAL PROVINCIAL DE OVALLE,Cerrada,LP,Región de Coquimbo,Ovalle,SERVICIO DE SALUD COQUIMBO HOSPITAL DE O,,CLP,2026-02-23,2026-03-16,2026-04-24,8,2026-03-17
1237328-21-LE26,SUMINISTRO POR LA ADQUISICIÓN DE INSUMOS DE DENTAL,Publicada,LE,Región de Magallanes y de la Antártica,Punta Arenas,CORP MUNICIPAL DE PUNTA ARENAS PARA LA EDUCACION SALUD Y AT AL MENOR,,CLP,2026-03-16,2026-03-26,2026-05-25,36,2026-03-17
1947-41-LE26,CONTRATACIÓN DE CURSOS DE CAPACITACIÓN PRIMER SEMESTRE 2026 PARA EL HOSPITAL DE NIÑOS DR. ROBERTO DEL RÍO.,Publicada,LE,Región Metropolitana de Santiago,Independencia,SERVICIO DE SALUD NORTE HOSPITAL ROBERTO DEL RIO,,CLP,2026-03-16,2026-03-26,2026-04-27,26,2026-03-17
1979-43-LE26,45.26 “CONVENIO SUMINISTRO DE EQUIPOS E INSTRUMENTAL PARA POLICLÍNICO DE OTORRINOLARINGOLOGÍA PARA NODO COSTERO: HOSPITAL NVA IMPERIAL”.,Publicada,LE,Región de la Araucanía,Nueva Imperial,SERVICIO DE SALUD ARAUCANIA SUR HOSPITAL DE NUEVA IMPERIAL,45000000.0,CLP,2026-03-16,2026-03-26,2026-06-24,1,2026-03-17
1057480-3-LP26,COMPRA DE CARNES FRESCAS Y PROCESADAS PARA EL HOSPITAL SAN JOSÉ DE MELIPILLA,Adjudicada,LP,Región Metropolitana de Santiago,Melipilla,HOSPITAL DE MELIPILLA,347000000.0,CLP,2026-02-02,2026-02-23,2026-03-16,1,2026-03-17
1057494-15-LP26,INSUMOS PARA AFÉRESIS CON EQUIPAMIENTO EN COMODATO,Publicada,LP,Región Metropolitana de Santiago,San Miguel,SERVICIO DE SALUD SUR HOSPITAL EXEQUIEL,,CLP,2026-03-16,2026-04-06,2026-05-18,1,2026-03-17
1057935-2-L126,SUMINISTRO E INSTALACIÓN DE EQUIPO DE AIRE ACONDICIONADO PARA DEPTO. DE FARMACIA Y DROGUERÍA PISO -1 DEL SERVICIO DE SALUD LOS RÍOS,Adjudicada,L1,Región de Los Ríos,Valdivia,SERVICIO DE SALUD LOS RIOS,3144408.0,CLP,2026-02-13,2026-02-23,2026-03-16,1,2026-03-17
1058052-2-LE26,LP SUMINISTRO DE FARMACOS TELEDERMATOLOGIA FR190,Cerrada,LE,Región de Tarapacá,Iquique,SERVICIO DE SALUD IQUIQUE,,CLP,2026-03-11,2026-03-16,2026-04-30,9,2026-03-17
1175-26-LR26,22.26 “SERVICIOS DE ADMINISTRACIÓN CENTRO MEDICINA MAPUCHE ÑI LAWENTUWÜN NUEVA IMPERIAL ASOCIADO A ENTREGA DE PRESTACIONES DE SALUD MAPUCHE”,Publicada,LR,Región de la Araucanía,Temuco,SERVICIO DE SALUD ARAUCANIA SUR,,CLP,2026-03-16,2026-04-17,2026-08-17,1,2026-03-17
1230848-15-L126,SUMINISTRO DE INSUMOS DENTALES CALAMA 2026,Publicada,L1,Región de Antofagasta,Calama,CORPORACIÓN MUNICIPAL DE DESARROLLO SOCIAL DE CALAMA,5967500.0,CLP,2026-03-16,2026-03-25,2026-04-23,2,2026-03-17
1979-40-LE26,58.26 “CONVENIO DE SUMINISTRO DE NITROGENO LIQUIDO PARA NODO COSTERO HOSPITAL NUEVA IMPERIAL.”,Publicada,LE,Región de la Araucanía,Nueva Imperial,SERVICIO DE SALUD ARAUCANIA SUR HOSPITAL DE NUEVA IMPERIAL,,CLP,2026-03-16,2026-03-26,2026-06-25,1,2026-03-17
2770-29-LP26,“CONTRATACIÓN DE SERVICIOS DE TRANSPORTES PARA FUNCIONES EN LAS DISTINTAS DEPENDENCIAS MUNICIPALES DE LA DIRECCIÓN DE SALUD”,Cerrada,LP,Región Metropolitana de Santiago,Maipú,I MUNICIPALIDAD DE MAIPU,190662000.0,CLP,2026-02-24,2026-03-16,2026-07-14,3,2026-03-17
1057474-12-LP26,PROVISIÓN DE INSTRUMENTAL QUIRÚRGICO PARA PABELLÓN,Publicada,LP,Región Metropolitana de Santiago,Independencia,SERVICIO DE SALUD METROPOLITANO NORTE,,CLP,2026-03-16,2026-04-15,2026-05-27,2,2026-03-17
1057489-62-LP26,SERVICIO DE ARRIENDO DE SOFTWARE PARA CONTACTABILIDAD DE USUARIOS EN PROCESOS DE ATENCIÓN DEL HOSPITAL DEL SALVADOR,Cerrada,LP,Región Metropolitana de Santiago,Providencia,SERVICIO DE SALUD ORIENTE HOSPITAL DEL SALVADOR,130000000.0,CLP,2026-02-24,2026-03-16,2026-07-31,1,2026-03-17
1057489-78-LE26,CONVENIO DE SUMINISTRO DE INSUMOS PARA REHABILITACIÓN POR 36 MESES PARA HOSPITAL DEL SALVADOR,Cerrada,LE,Región Metropolitana de Santiago,Providencia,SERVICIO DE SALUD ORIENTE HOSPITAL DEL SALVADOR,60000000.0,CLP,2026-03-05,2026-03-16,2026-07-31,2,2026-03-17
1057489-81-LE26,CONVENIO DE SUMINISTRO DE CREMA DE MANOS CON DISPENSADOR POR 48 MESES PARA HOSPITAL DEL SALVADOR,Cerrada,LE,Región Metropolitana de Santiago,Providencia,SERVICIO DE SALUD ORIENTE HOSPITAL DEL SALVADOR,30000000.0,CLP,2026-03-06,2026-03-16,2026-07-17,1,2026-03-17
1057489-97-LP26,CONVENIO DE SUMINISTRO DE KIT PARA MONITORIZACIÓN PICCO CON INCORPORACIÓN DE EQUIPAMIENTO POR 36 MESES PARA HOSPITAL DEL SALVADOR.,Publicada,LP,Región Metropolitana de Santiago,Providencia,SERVICIO DE SALUD ORIENTE HOSPITAL DEL SALVADOR,320000000.0,CLP,2026-03-16,2026-04-06,2026-07-06,1,2026-03-17
1057503-41-LP26,ADQUISICIÓN DE KIT PRÓTESIS REVERSA HOMBRO EN MODALIDAD DE CONSIGNACIÓN POR CONVENIO DE SUMINISTRO PARA EL HOSPITAL PADRE ALBERTO HURTADO,Cerrada,LP,Región Metropolitana de Santiago,San Ramón,HOSPITAL PADRE ALBERTO HURTADO,100000000.0,CLP,2026-02-23,2026-03-16,2026-06-15,1,2026-03-17
1057503-63-LP26,ADQUISICIÓN DE SISTEMA DE OSTEOSÍNTESIS FÉMUR DISTAL Y DIAFISARIO EN MODALIDAD DE CONSIGNACIÓN POR CONVENIO DE SUMINISTRO PARA EL HOSPITAL PADRE ALBERTO HURTADO,Publicada,LP,Región Metropolitana de Santiago,San Ramón,HOSPITAL PADRE ALBERTO HURTADO,345000000.0,CLP,2026-03-16,2026-04-06,2026-07-06,1,2026-03-17
1057543-14-LE26,CONVENIO DE SUMINISTRO INSUMOS DE LABORATORIO,Cerrada,LE,Región del Biobío,Tomé,SERVICIO DE SALUD TALCAHUANO HOSPITAL DE,,CLP,2026-03-04,2026-03-16,2026-04-16,26,2026-03-17
1057544-35-LR26,CONTRATACIÓN DE SERVICIOS PARA REALIZAR PROCEDIMIENTOS DE ANGIOPLASTIA PARA EL HOSPITAL LAS HIGUERAS,Adjudicada,LR,Región del Biobío,Talcahuano,SERVICIO DE SALUD DE TALCAHUANO HOSPITAL,581000000.0,CLP,2026-02-02,2026-03-05,2026-03-16,1,2026-03-17
1057544-48-LP26,CONTRATACIÓN DE SERVICIOS ADMINISTRATIVOS PARA LA UNIDAD DE BODEGA Y LOGÍSTICA DEL HOSPITAL LAS HIGUERAS,Adjudicada,LP,Región del Biobío,Talcahuano,SERVICIO DE SALUD DE TALCAHUANO HOSPITAL,96200000.0,CLP,2026-02-10,2026-02-23,2026-03-16,1,2026-03-17
1058125-3-LE26,MEDICAMENTOS FARMACIA MARZO,Cerrada,LE,Región de los Lagos,Purranque,SERVICIO DE SALUD OSORNO HOSPITAL PURRANQUE,,CLP,2026-03-11,2026-03-16,2026-03-23,25,2026-03-17
1267885-6-LE26,CONVENIO SUMINISTRO DE FARMACOS FARMACIA COMUNAL,Adjudicada,LE,Región de Los Ríos,Panguipulli,CORP MUNICIPAL DE PANGUIPULLI,,CLP,2026-02-16,2026-02-27,2026-03-16,88,2026-03-17
1003473-196-LR25,SUMINISTRO DE INSUMOS DE DIALISIS PERITONEAL,Revocada,LR,Región del Maule,Curicó,SERVICIO DE SALUD DEL MAULE HOSPITAL DE CURICO,,CLP,2025-12-26,2026-01-26,2026-03-24,1,2026-03-17
1057498-62-LR25,ARRIENDO DE VEHÍCULOS PARA EL HOSPITAL EL PINO,Adjudicada,LR,Región Metropolitana de Santiago,San Bernardo,SERVICIO DE SALUD SUR HOSPITAL SANATORIO EL PINO,,CLP,2025-12-22,2026-01-28,2026-03-16,15,2026-03-17
1057547-115-LP26,CONVENIO  INSUMOS DE TRAUMATOLOGIA 1 Y ALERGENOS,Publicada,LP,Región de Los Ríos,Valdivia,SERVICIO DE SALUD VALDIVIA HOSPITAL BASE,70000000.0,CLP,2026-03-16,2026-04-08,2026-07-14,33,2026-03-17
1078333-2-L126,SERVICIOS MÉDICOS ESPECIALIZADOS PARA REALIZACIÓN DE ECOCARDIOGRAMAS A PACIENTES DEL HPH,Cerrada,L1,Región de Atacama,Vallenar,HOSPITAL PROVINCIAL   DEL HUASCO MSR FERNANDO ARIZTIA RUIZ,3850000.0,CLP,2026-03-06,2026-03-16,2026-03-30,1,2026-03-17
1549-13-LR26,SUMINISTRO DE INSUMOS PARA ARTROSCOPIAS DE HOMBRO,Publicada,LR,Región Metropolitana de Santiago,Independencia,SERVICIO DE SALUD METROPOLITANA NORTE HOSPITAL SAN JOSE,,CLP,2026-03-16,2026-04-15,2026-06-01,3,2026-03-17
1627-41-LP26,ADQUISICIÓN DE PRESTACIONES DE SERVICIOS PROFESIONALES MÉDICOS PROFESIONALES DE ENFERMERA Y SERVICIOS TÉCNICOS EN ENFERMERÍA PARA PROCEDIMIENTOS DE COLONOSCOPÍA PARA PACIENTES GES Y NO GES DEL HOSPITAL DE SAN FERNANDO,Publicada,LP,Región del Libertador General Bernardo O´Higgins,San Fernando,SERVICIO DE SALUD HOSPITAL DE SAN FERNANDO,,CLP,2026-03-16,2026-03-27,2026-05-12,3,2026-03-17
1947-42-LE26,ADQUISICIÓN DE LAMINAS POROSAS Y ESPUMA MULTICAPA DE SILICONA PARA EL HOSPITAL DE NIÑOS DR. ROBERTO DEL RÍO,Publicada,LE,Región Metropolitana de Santiago,Independencia,SERVICIO DE SALUD NORTE HOSPITAL ROBERTO DEL RIO,,CLP,2026-03-16,2026-03-26,2026-04-27,5,2026-03-17
2136-10-LE26,CONVENIO SUMINISTRO PARA INSUMOS Y REACTIVOS” ANALIZADOR AUTOMATIZADO HEMOCULTIVO,Publicada,LE,Región de los Lagos,Frutillar,SERVICIO SALUD DEL RELONCAVI,,CLP,2026-03-16,2026-03-26,2026-04-03,3,2026-03-17
1233623-20-LE26,ADQUISICIÓN DE INSUMOS PARA IMPRESORAS Y  EQUIPOS,Cerrada,LE,Región de Antofagasta,Calama,SERVICIO LOCAL DE EDUCACIÓN PÚBLICA LICANCABUR,,CLP,2026-03-06,2026-03-16,2026-04-15,1,2026-03-17
1274907-3-LE26,CONVENIO SUMINISTRO INSUMOS DENTALES,Adjudicada,LE,Región de los Lagos,Chonchi,"CORPORACIÓN MUNICIPAL DE EDUCACIÓN, SALUD Y ATENCIÓN DE MENORES CHONCHI",,CLP,2026-01-29,2026-02-09,2026-03-16,1,2026-03-17
1298355-4-LP26,SEGURO COMPLEMENTARIO DE SALUD Y DENTAL,Cerrada,LP,Región Metropolitana de Santiago,Melipilla,CORP MUNICIPAL MELIPILLA PARA LA ED SALUD,170000000.0,CLP,2026-03-06,2026-03-16,2026-04-03,1,2026-03-17
1350296-13-LE26,CONVENIO DE SUMINISTRO DE INSUMOS PARA BODEGA GENERAL DEL HOSPITAL DE ALTO HOSPICIO POR 24 MESES,Cerrada,LE,Región de Tarapacá,Alto Hospicio,HOSPITAL DE ALTO HOSPICIO,19397000.0,CLP,2026-03-06,2026-03-16,2026-07-14,14,2026-03-17
1431841-17-LE26,SUMINISTRO FÁRMACOS E INSUMOS MÉDICOS VETERINARIA,Publicada,LE,Región Metropolitana de Santiago,Recoleta,I MUNICIPALIDAD DE RECOLETA,14000000.0,CLP,2026-03-16,2026-03-26,2026-04-24,2,2026-03-17
1509-26-L126,INSUMOS CLÍNICOS,Adjudicada,L1,Región Metropolitana de Santiago,Santiago,SERVICIO DE SALUD METROPOLITANO NORTE HOSPITAL DE TIL TIL,3880000.0,CLP,2026-02-19,2026-02-24,2026-03-16,1,2026-03-17
1641-111-LP26,NBB -  SERVICIOS PROFESIONALES Y ADMINISTRATIVOS DE APOYO PARA ACTIVIDADES CLÍNICAS DE SUBDIRECCIÓN DE ENFERMERÍA-CUIDADOS HEMATONCOLOGICO,Publicada,LP,Región Metropolitana de Santiago,,SERVICIO DE SALUD OCCIDENTE HOSPITAL SAN JUAN DE DIOS,,CLP,2026-03-16,2026-03-26,2026-06-24,3,2026-03-17
1979-41-LE26,59.26 “SERVICIO DE CERTIFICACION DE ASCENSORES NODO COSTERO: HOSPITAL DE NUEVA IMPERIAL.”,Publicada,LE,Región de la Araucanía,Nueva Imperial,SERVICIO DE SALUD ARAUCANIA SUR HOSPITAL DE NUEVA IMPERIAL,,CLP,2026-03-16,2026-03-26,2026-06-26,1,2026-03-17
1979-47-LP26,64.26 “SERVICIO MANTENCION PREVENTIVA Y CORRECTIVA PARA EQUIPOS DE VENTILACION MECANICA Y ELECTROCIRUGIA PARA NODO COSTERO: HOSPITAL DE NUEVA IMPERIAL.”,Publicada,LP,Región de la Araucanía,Nueva Imperial,SERVICIO DE SALUD ARAUCANIA SUR HOSPITAL DE NUEVA IMPERIAL,,CLP,2026-03-16,2026-04-06,2026-07-06,1,2026-03-17
2107-39-LE26,ADQUISICIÓN DE INSUMOS MÉDICOS DE USO EN TERAPIA RESPIRATORIA PARA REPOSICIÓN DE STOCK BODEGA CENTRAL.,Publicada,LE,Región del Libertador General Bernardo O´Higgins,Santa Cruz,SERVICIO DE SALUD HOSPITAL DE SANTA CRUZ,,CLP,2026-03-16,2026-03-26,2026-04-30,16,2026-03-17
1003473-211-LP25,CONTRATO DE SUMINISTRO DE AGUJA KIRSCHNER Y OTROS PARA EL SERVICIO DE PABELLÓN DEL HOSPITAL SAN JUAN DE DIOS DE CURICÓ,Publicada,LP,Región del Maule,Curicó,SERVICIO DE SALUD DEL MAULE HOSPITAL DE CURICO,,CLP,2026-03-16,2026-03-27,2026-04-27,14,2026-03-17
1057489-92-LP26,CONVENIO DE SUMINISTRO DE MASCARILLAS FACIALES REUTILIZABLES CON ARNÉS POR 36 MESES PARA HOSPITAL DEL SALVADOR,Publicada,LP,Región Metropolitana de Santiago,Providencia,SERVICIO DE SALUD ORIENTE HOSPITAL DEL SALVADOR,230000000.0,CLP,2026-03-16,2026-04-06,2026-08-07,1,2026-03-17
1230848-13-LE26,ADQ. DE INSUMOS PREANALÍTICA PARA EL LABORATORIO,Cerrada,LE,Región de Antofagasta,Calama,CORPORACIÓN MUNICIPAL DE DESARROLLO SOCIAL DE CALAMA,60000000.0,CLP,2026-03-06,2026-03-16,2026-04-06,1,2026-03-17
1979-45-LP26,62.26 “SERVICIO DE MANTENCION PREVENTIVA Y CORRECTIVA PARA CLINICAS DENTALES Y EQUIPO DE RX DENTAL PARA NODO COSTERO: HOSPITAL DE NUEVA IMPERIAL.”,Publicada,LP,Región de la Araucanía,Nueva Imperial,SERVICIO DE SALUD ARAUCANIA SUR HOSPITAL DE NUEVA IMPERIAL,,CLP,2026-03-16,2026-04-06,2026-07-06,1,2026-03-17
2080-20-LE26,COMPRA INSUMOS DESIERTOS PARA TERAPIA OCUPACIONAL,Cerrada,LE,Región del Libertador General Bernardo O´Higgins,Rancagua,SERVICIO DE SALUD DEL LIBERTADOR B O'HIGGINS HOSPITAL REG RANCAGUA,,CLP,2026-03-05,2026-03-16,2026-05-22,12,2026-03-17
1057489-91-LP26,CONVENIO DE SUMINISTRO DE HEMOSTÁTICOS ABSORBIBLES POR 36 MESES PARA HOSPITAL DEL SALVADOR,Publicada,LP,Región Metropolitana de Santiago,Providencia,SERVICIO DE SALUD ORIENTE HOSPITAL DEL SALVADOR,176748320.0,CLP,2026-03-16,2026-04-06,2026-08-06,4,2026-03-17
1057503-40-LP26,ADQUISICIÓN DE KIT PRÓTESIS TOTAL DE RODILLA DE REVISIÓN POR CONVENIO DE SUMINISTRO PARA EL HOSPITAL PADRE ALBERTO HURTADO,Cerrada,LP,Región Metropolitana de Santiago,San Ramón,HOSPITAL PADRE ALBERTO HURTADO,250000000.0,CLP,2026-02-23,2026-03-16,2026-06-15,1,2026-03-17
1057503-42-LP26,ADQUISICIÓN DE KIT FRACTURA DE CODO EN MODALIDAD DE CONSIGNACIÓN POR CONVENIO DE SUMINISTRO PARA EL HOSPITAL PADRE ALBERTO HURTADO,Cerrada,LP,Región Metropolitana de Santiago,San Ramón,HOSPITAL PADRE ALBERTO HURTADO,348000000.0,CLP,2026-02-24,2026-03-16,2026-06-15,1,2026-03-17
1057503-61-LP26,ADQUISICIÓN DE KIT BIOTENODESIS POR CONVENIO DE SUMINISTRO PARA EL HOSPITAL PADRE ALBERTO HURTADO,Publicada,LP,Región Metropolitana de Santiago,San Ramón,HOSPITAL PADRE ALBERTO HURTADO,80000000.0,CLP,2026-03-16,2026-04-06,2026-07-06,1,2026-03-17
1058026-1-L126,ADQUISICIÓN MEDICAMENTOS BODEGA DE FARMACIA HOSPITAL SANTA BARBARA,Cerrada,L1,Región del Biobío,Santa Bárbara,SERVICIO DE SALUD BIO BIO HOSPITAL SANTA BARBARA,5875030.0,CLP,2026-03-05,2026-03-16,2026-03-19,14,2026-03-17
1499-222-LR25,MEDICAMENTOS ENDOVENOSOS LOCIONES INHALADORES INYECTABLES Y SUEROS PARA LA UNIDAD DE FARMACIA,Adjudicada,LR,Región Metropolitana de Santiago,Providencia,INSTITUTO NACIONAL DEL TORAX,,CLP,2025-12-16,2026-01-15,2026-03-16,44,2026-03-17
1658-49-LP26,P 55-2026 “CONTRATO SUMINISTRO COMPRA DE SERVICIO EXAMENES IMAGENOLOGICOS PARA DETECCIÓN PRECOZ DE CÁNCER DE MAMA EN MUJERES PARA EL DEPARTAMENTO DE SALUD DE LA MUNICIPALIDAD DE TEMUCO”,Cerrada,LP,Región de la Araucanía,Temuco,I MUNICIPALIDAD DE TEMUCO,,CLP,2026-02-24,2026-03-16,2026-05-29,3,2026-03-17
1979-42-LE26,60.26 “CONVENIO SUMINISTRO DE CONFECCION DE CORTINAS CLINICAS PARA NODO COSTERO: HOSPITAL DE NUEVA IMPERIAL.”,Publicada,LE,Región de la Araucanía,Nueva Imperial,SERVICIO DE SALUD ARAUCANIA SUR HOSPITAL DE NUEVA IMPERIAL,,CLP,2026-03-16,2026-03-26,2026-06-26,1,2026-03-17
1057508-16-LE26,CONVENIO COMPRA DE SERVICIOS DE PROFESIONALES NO MÉDICOS PARA EL PROGRAMA DE VACUNACIÓN SERVICIO DE SALUD ÑUBLE,Adjudicada,LE,Región del Ñuble,,SERVICIO DE SALUD NUBLE,,CLP,2026-02-05,2026-02-18,2026-03-16,9,2026-03-17
1057510-20-LP26,LICITACIÓN PÚBLICA “PROGRAMA DE MANTENIMIENTO PARA EQUIPOS MÉDICOS DEL HOSPITAL DE SAN CARLOS DR BENICIO ARZOLA MEDINA“,Cerrada,LP,Región del Ñuble,San Carlos,SERVICIO DE SALUD NUBLE HOSPITAL DE SAN CARLOS DR BENICIO ARZOLA MEDIN,,CLP,2026-02-18,2026-03-16,2026-03-31,16,2026-03-17
1057510-22-LE26,CONVENIO POR TRABAJOS DE LABORATORISTA DENTAL PARA EL HOSPITAL DE SAN CARLOS DR. BENICIO ARZOLA MEDINA,Cerrada,LE,Región del Ñuble,,SERVICIO DE SALUD NUBLE HOSPITAL DE SAN CARLOS DR BENICIO ARZOLA MEDIN,,CLP,2026-03-05,2026-03-16,2026-03-27,1,2026-03-17
1063538-43-LP26,SUMINISTRO INSUMOS TRANSVERSALES I,Cerrada,LP,Región de los Lagos,Osorno,HOSPITAL BASE OSORNO,,CLP,2026-03-06,2026-03-16,2026-05-18,16,2026-03-17
1069417-8-LE26,MONITOREO  DE ALARMAS POR UN PERIODO DE 12 MESES PARA  ESTABLECIMIENTOS Y UNIDADES DEPENDIENTES DE LA  DIRECCIÓN DE SALUD MUNICIPAL DE CHILLÁN,Cerrada,LE,Región del Ñuble,,I MUNICIPALIDAD DE CHILLAN,34176872.0,CLP,2026-03-05,2026-03-16,2026-04-30,1,2026-03-17
2107-38-LE26,ADQUISICIÓN DE INSUMOS MÉDICOS DE CURACION PARA REPOSICIÓN DE STOCK BODEGA CENTRAL.,Publicada,LE,Región del Libertador General Bernardo O´Higgins,Santa Cruz,SERVICIO DE SALUD HOSPITAL DE SANTA CRUZ,,CLP,2026-03-16,2026-03-27,2026-04-30,14,2026-03-17
2332-20-L126,SERVICIO RADIOGRAFIA PANORAMICA PARA EL DEPARTAMENTO DE SALUD MUNICIPAL,Publicada,L1,Región de los Lagos,Puerto Montt,I MUNICIPALIDAD DE PUERTO MONTT,6899704.0,CLP,2026-03-16,2026-03-23,2026-04-22,1,2026-03-17
1057544-47-LP26,COMPRA DE REACTIVOS E INSUMOS PARA REALIZACIÓN DE EXÁMENES EN LABORATORIO DE INMUNOLOGÍA,Adjudicada,LP,Región del Biobío,Talcahuano,SERVICIO DE SALUD DE TALCAHUANO HOSPITAL,,CLP,2026-02-11,2026-02-23,2026-03-16,24,2026-03-17
1057544-56-LP26,CONTRATACIÓN DE SERVICIOS PROFESIONALES TENS Y AUXILIARES PARA PABELLÓN DEL HOSPITAL LAS HIGUERAS,Adjudicada,LP,Región del Biobío,Talcahuano,SERVICIO DE SALUD DE TALCAHUANO HOSPITAL,88100000.0,CLP,2026-02-17,2026-03-04,2026-03-16,1,2026-03-17
1201-1-LE26,SER. DE MEDICO ESPECIALISTA EN MEDICINA DEL DEPORT,Desierta (o art. 3 ó 9 Ley 19.886),LE,Región Aysén del General Carlos Ibáñez del Campo,Coyhaique,INSTITUTO NACIONAL DE DEPORTES DE CHILE,,CLP,2026-02-09,2026-02-23,2026-03-16,1,2026-03-17
1979-49-LP26,63.26 “SERVICIO DE MANTENCION PREVENTIVA Y CORRECTIVA PARA VENTILADOR MECANICO TORNIQUETE AEROGENERADOR Y NARICERA DE ALTO FLUJO PARA NODO COSTERO: HOSPITAL DE NUEVA IMPERIAL.”,Publicada,LP,Región de la Araucanía,Nueva Imperial,SERVICIO DE SALUD ARAUCANIA SUR HOSPITAL DE NUEVA IMPERIAL,,CLP,2026-03-16,2026-04-06,2026-07-06,1,2026-03-17
2137-5-LE26,LIC. SERVICIO CONTROL DE PLAGAS HOSPITAL DE ACHAO,Adjudicada,LE,Región de los Lagos,Quinchao,SERVICIO DE SALUD CHILOE,7425600.0,CLP,2026-02-20,2026-03-02,2026-03-16,1,2026-03-17
359-147-LP25,ADQUISICIÓN VÍA SUMINISTRO DE DESINFECTANTES E INSUMOS PARA ESTERILIZACIÓN,Adjudicada,LP,Región Metropolitana de Santiago,Independencia,INSTITUTO NACIONAL DEL CANCER,,CLP,2025-12-03,2025-12-26,2026-03-16,36,2026-03-17
4127-14-LE26,[DIVAP] IMPRESIÓN Y DISTRIBUCIÓN DE 2.576 LIBROS DE CUENTOS PASMI PARA INTERVENCIÓN PSICOLÓGICA DEL PROGRAMA DE APOYO A LA SALUD MENTAL INFANTIL PASMI COMPONENTE SALUD DEL CHILE CRECE CONTIGO,Cerrada,LE,Región Metropolitana de Santiago,Santiago,SUBSECRETARIA DE SALUD PUBLICA,13500000.0,CLP,2026-03-04,2026-03-16,2026-04-30,1,2026-03-17
4238-9-L126,CONTRATO SUMINISTRO OXIGENO MEDICINAL E INSUMOS Y OTROS PRODUCTOS PARA OXIGENOTERAPIA,Cerrada,L1,Región del Biobío,Curanilahue,I MUNICIPALIDAD DE CURANILAHUE,,CLP,2026-03-06,2026-03-16,2026-04-02,1,2026-03-17
4429-20-LE26,INSUMOS DE BOLSAS PLASTICAS DROGUERIA COMUNAL,Cerrada,LE,Región del Biobío,Hualpén,MUNICIPALIDAD DE HUALPEN,10000000.0,CLP,2026-03-04,2026-03-16,2026-05-12,1,2026-03-17
4642-171-LP25,ADQUISICIÓN DE EQUIPOS MÉDICOS Y ACCESORIOS DESTINADOS A LOS SERVICIOS DE LA UCI PEDIATRICA Y LA UNIDAD DE MAXILOFACIAL DEL HOSPITAL DE CARABINEROS,Adjudicada,LP,Región Metropolitana de Santiago,,DIRECCION DE LOGISTICA DE CARABINEROS,68241880.0,CLP,2025-11-12,2025-12-12,2026-03-16,16,2026-03-17
867990-178-LE25,ADQUISICIÓN DE INSUMOS DE LABORATORIO,Cerrada,LE,Región Metropolitana de Santiago,Estación Central,UNIVERSIDAD DE SANTIAGO DE CHILE,14509907.0,CLP,2026-03-04,2026-03-16,2026-05-04,6,2026-03-17
1057503-132-LP25,ADQUISICIÓN DE MATERIALES HERRAMIENTAS E INSUMOS DE FERRETERÍA POR CONVENIO DE SUMINISTRO PARA EL HOSPITAL PADRE ALBERTO HURTADO,Adjudicada,LP,Región Metropolitana de Santiago,San Ramón,HOSPITAL PADRE ALBERTO HURTADO,300000000.0,CLP,2025-11-24,2025-12-15,2026-03-16,1,2026-03-17
1057509-52-LE26,CONVENIO COMPRA DE SERVICIOS POR EXTENSIÓN HORARIA DE ENFERMEROSAS TÉCNICOS PARAMÉDICOS DE NIVEL SUPERIOR Y AUXILIARES DE SERVICIOS PARA SALA DE PREPARACIÓN PREOPERATORIO POSTOPERATORIO Y ALTA DE USUARIOS DE CIRUGÍA MAYOR AMBULATORIA CMA CRP,Cerrada,LE,Región del Ñuble,Chillán,HOSPITAL CLINICO HERMINDA MARTIN,,CLP,2026-03-04,2026-03-16,2026-03-31,1,2026-03-17
1058052-3-LE26,CONVENIO SUMINISTRO DE FARMACOS PROG. DE LA MUJER,Publicada,LE,Región de Tarapacá,Iquique,SERVICIO DE SALUD IQUIQUE,,CLP,2026-03-16,2026-03-23,2026-04-22,4,2026-03-17
1233600-12-LE26,CONV. SUM SERVICIO ESTERILIZACIÓN CENTROS DE SALUD,Adjudicada,LE,Región Metropolitana de Santiago,Renca,CORP MUNICIPAL DE RENCA,,CLP,2026-02-27,2026-03-09,2026-03-16,1,2026-03-17
1332602-4-LE26,INSUMOS DENTALES 2026,Cerrada,LE,Región del Maule,San Javier,SERVICIO DE SALUD DEL MAULE HOSPITAL SAN JAVIER,,CLP,2026-03-02,2026-03-16,2026-03-19,12,2026-03-17
1554-12-LR26,CONTRATACIÓN SERVICIOS DE TENS Y O AUX PARAMÉDICOS,Publicada,LR,Región de Atacama,Copiapó,SERVICIO DE SALUD ATACAMA HOSPITAL COPIA,,CLP,2026-03-16,2026-04-16,2026-06-01,5,2026-03-17
1979-44-LE26,61.26 “SERVICIO DE MANO DE OBRA EN ALUMINIO VIDRIERIA Y QUINCALLERIA PARA NODO COSTERO: HOSPITAL DE NUEVA IMPERIAL.”,Publicada,LE,Región de la Araucanía,Nueva Imperial,SERVICIO DE SALUD ARAUCANIA SUR HOSPITAL DE NUEVA IMPERIAL,,CLP,2026-03-16,2026-03-26,2026-06-26,1,2026-03-17
4993-29-LE26,CONVENIO SUMINISTRO DE INSUMOS ELECTRICOS MUNICIPALIDAD DE CHOLCHOL AREA DE SALUD Y EDUCACION AÑO 2026,Cerrada,LE,Región de la Araucanía,Osorno,MUNICIPALIDAD DE CHOLCHOL,,CLP,2026-03-05,2026-03-16,2026-04-17,1,2026-03-17
5225-5-LP25,CONTRATO SUMINISTRO ADJUDICACIÓN MÚLTIPLE FARMACOS,Adjudicada,LP,Región de Valparaíso,Valparaíso,DIRECCION DE ABASTECIMIENTO DE LA ARMADA,120000000.0,CLP,2025-12-18,2026-01-27,2026-03-16,185,2026-03-17
2445-29-LE26,MEDICAMENTOS ANTIDIABETICOS FARMACIA MUNICIPAL,Publicada,LE,Región del Maule,Curicó,I MUNICIPALIDAD DE CURICO,,CLP,2026-03-16,2026-03-26,2026-04-15,13,2026-03-17
2775-28-L126,CONTRATACIÓN DE SERVICIOS PERSONALES ESPECIALIZADOS PARA LA ILUSTRE MUNICIPALIDAD DE RENGO: MÉDICO VETERINARIO CIRUJANO.,Adjudicada,L1,Región del Libertador General Bernardo O´Higgins,,I MUNICIPALIDAD DE RENGO,4580000.0,CLP,2026-02-18,2026-02-24,2026-03-16,1,2026-03-17
2825-12-L126,MEDICAMENTOS VARIOS FARMACIA POPULAR,Cerrada,L1,Región del Maule,Constitución,I MUNICIPALIDAD DE CONSTITUCION,,CLP,2026-03-06,2026-03-16,2026-04-30,27,2026-03-17
4042-1-LE26,ADQUISICIÓN DE INSUMOS Y EQUIPOS MÉDICOS,Cerrada,LE,Región de los Lagos,Fresia,I MUNICIPALIDAD DE FRESIA,8000000.0,CLP,2026-03-04,2026-03-16,2026-05-15,77,2026-03-17
4081-10-LE26,INSUMOS TECNOLOGICOS ESTABLECIMIENTOS DAEM,Cerrada,LE,Región del Biobío,Cabrero,I MUNICIPALIDAD DE CABRERO,69600000.0,CLP,2026-03-10,2026-03-16,2026-04-03,1,2026-03-17
4170-19-L126,ADQUISICION DE REPUESTOS INSUMOS Y NEUMATICOS PARA VEHICULOS Y MAQUINARIAS DE LA DOM,Cerrada,L1,Región de la Araucanía,Galvarino,ILUSTRE MUNICIPALIDAD DE GALVARINO,,CLP,2026-03-10,2026-03-16,2026-04-17,2,2026-03-17
439-11-LE26,ADQUISICION DE MATERIALES E INSUMOS TECNOLOGICOS,Publicada,LE,Región del Maule,Sagrada Familia,ILUSTRE MUNICIPALIDAD  DE SAGRADA FAMILIA,,CLP,2026-03-16,2026-03-26,2026-04-10,11,2026-03-17
4642-23-LP26,CONTRATACIÓN DEL SERVICIO DE MANTENCIÓN PREVENTIVA CORRECTIVA Y EL CONVENIO DE SUMINISTRO DE REPUESTOS PARA EL PARQUE VEHICULAR DE PROPIEDAD DEL FONDO PARA HOSPITALES DE CARABINEROS DE CHILE DE LA REGIÓN METROPOLITANA POR UN PERIODO DE 24 MESES.,Cerrada,LP,Región Metropolitana de Santiago,,DIRECCION DE LOGISTICA DE CARABINEROS,,CLP,2026-02-24,2026-03-16,2026-05-04,1,2026-03-17
4158-1-L126,CONTRATO DE SUMINISTRO PARA CONTROL DE PLAGAS ANUAL PARA 13 CENTROS DE TRABAJO DEPARTAMENTO DE SALUD MUNICIPAL EL CARMEN,Publicada,L1,Región del Ñuble,Chillán,ILUSTRE MUNICIPALIDAD DE EL CARMEN,5569200.0,CLP,2026-03-16,2026-03-23,2026-03-26,1,2026-03-17
4642-28-LP26,CONTRATACIÓN DE OBRAS DE REPARACIÓN PARA LA TECHUMBRE DEL CENTRO MÉDICO Y DENTAL DE PUERTO MONTT PERTENECIENTE A LA RED SALUD DE CARABINEROS DE CHILE.,Publicada,LP,Región Metropolitana de Santiago,Ñuñoa,DIRECCION DE LOGISTICA DE CARABINEROS,,CLP,2026-03-16,2026-04-06,2026-04-27,1,2026-03-17
4777-12-LE26,PLAN DE REEMBOLSO DE GASTOS EN SALUD,Cerrada,LE,Región de Los Ríos,La Unión,I MUNICIPALIDAD DE LA UNION,,CLP,2026-03-06,2026-03-16,2026-03-31,1,2026-03-17
932163-5-LP26,CONJUNTO GENERAL HERRAMIENTAS INSUMOS EPP.,Adjudicada,LP,Región Aysén del General Carlos Ibáñez del Campo,Lago Verde,I MUNICIPALIDAD DE LAGO VERDE,104233372.0,CLP,2026-02-23,2026-03-05,2026-03-16,1,2026-03-17
2825-13-L126,MEDICAMENTOS FARMACIA POPULAR,Cerrada,L1,Región del Maule,Constitución,I MUNICIPALIDAD DE CONSTITUCION,,CLP,2026-03-06,2026-03-16,2026-04-30,21,2026-03-17
4238-5-LP26,EQUIPAMIENTO E INSUMOS CLINICOS - DEPTO. SALUD,Cerrada,LP,Región del Biobío,Curanilahue,I MUNICIPALIDAD DE CURANILAHUE,,CLP,2026-02-24,2026-03-16,2026-04-14,77,2026-03-17
3637-11-LE26,MODIFICACIÓN INTERIOR POSTA DE SALUD PUNTA DELGADA,Desierta (o art. 3 ó 9 Ley 19.886),LE,Región de Magallanes y de la Antártica,San Gregorio,ILUSTRE MUNICIPALIDAD DE SAN GREGORIO,,CLP,2026-02-23,2026-03-10,2026-03-16,1,2026-03-17
3718-1-LE26,MATERIALES E INSUMOS DE FERRETERIA,Cerrada,LE,Región del Libertador General Bernardo O´Higgins,Pumanque,I MUNICIPALIDAD DE PUMANQUE,30000000.0,CLP,2026-03-06,2026-03-16,2026-03-18,1,2026-03-17
4075-5-L126,FARMACOS ANUALES PARA CESFAM Y POSTAS RURALES,Cerrada,L1,Región del Biobío,Yumbel,I MUNICIPALIDAD DE YUMBEL,6896050.0,CLP,2026-03-09,2026-03-16,2026-04-13,9,2026-03-17
872-6-LE26,INGENIERÍA DE DETALLE CENTRO RADIOFARMACIA,Publicada,LE,Región Metropolitana de Santiago,Santiago,COMISIÓN CHILENA DE ENERGÍA NUCLEAR,69500000.0,CLP,2026-03-16,2026-03-31,2026-04-30,1,2026-03-17
886954-70-LE26,CONVENIO DE SUMINISTROS INSUMOS VARIOS,Cerrada,LE,Región del Biobío,Concepción,HOSPITAL GUILLERMO GRANT BENAVENTE DE CO,18000000.0,CLP,2026-03-05,2026-03-16,2026-06-14,4,2026-03-17
2107-40-LE26,ADQUISICIÓN DE INSUMOS MÉDICOS GENERALES PARA REPOSICIÓN DE STOCK BODEGA CENTRAL,Publicada,LE,Región del Libertador General Bernardo O´Higgins,Santa Cruz,SERVICIO DE SALUD HOSPITAL DE SANTA CRUZ,,CLP,2026-03-16,2026-03-27,2026-04-30,23,2026-03-17
3545-7-L126,INSUMOS PARA USO EN LABORATORIO CLINICO DEL CCMV,Adjudicada,L1,Región de la Araucanía,Temuco,DIVISION LOGISTICA DEL EJERCITO,2083690.0,CLP,2026-03-02,2026-03-09,2026-03-16,26,2026-03-17
3587-5-LE26,SUMINISTRO DE SERVICIO DE MANTENCION REPARACION DE EQUIPOS DENTALES AUTOCLAVES RX Y OTROS DEL DEPARTAMENTO DE SALUD DE LA ILUSTRE MUNICIPALIDAD DE CARAHUE,Cerrada,LE,Región de la Araucanía,Carahue,I MUNICIPALIDAD DE CARAHUE,12000000.0,CLP,2026-03-05,2026-03-16,2026-03-17,1,2026-03-17
3977-3-L126,"ASTILLAS PARA CALEFACCIÓN DEL DSM–CES Y POSTAS DE SALUD RURAL DEL DSM, SEGÚN OP N°15 Y BASES DE LICITACIÓN ADJUNTAS.",Publicada,L1,Región Metropolitana de Santiago,Alhué,I MUNICIPALIDAD DE SANTA BARBARA,4000000.0,CLP,2026-03-16,2026-03-23,2026-04-12,1,2026-03-17
5052-9-LE26,“ADQUISICIÓN DE INSUMOS Y SUMINISTROS PARA DISTINTOS SERVICIOS”,Cerrada,LE,Región del Maule,Talca,SERVICIO DE SALUD DEL MAULE HOSPITAL DE TALCA,,CLP,2026-03-09,2026-03-16,2026-04-16,13,2026-03-17
5110-5-LE26,REPARACIÓN SANITARIOS LICEO TOMÁS BURGOS,Cerrada,LE,Región de los Lagos,Purranque,I MUNICIPALIDAD DE PURRANQUE,8817900.0,CLP,2026-03-06,2026-03-16,2026-05-13,1,2026-03-17
2205-5-LE26,INSUMOS Y REACTIVOS LABORATORIO PICHIDEGUA,Cerrada,LE,Región del Libertador General Bernardo O´Higgins,Pichidegua,SERVICIO DE SALUD HOSPITAL DE PICHIDEGUA,,CLP,2026-03-05,2026-03-16,2026-04-17,3,2026-03-17
2292-38-LE25,ADQUISICION DE INSTRUMENTAL ODONTOLOGICOS PARA EL DEPARTAMENTO DE SALUD DE TALCA,Adjudicada,LE,Región del Maule,Talca,I MUNICIPALIDAD DE TALCA,16630250.0,CLP,2026-01-08,2026-01-19,2026-03-16,3,2026-03-17
2780-17-LE26,COMPRA DE INSUMOS DENTALES,Cerrada,LE,Región de Valparaíso,La Ligua,I MUNICIPALIDAD DE LA LIGUA,,CLP,2026-03-11,2026-03-16,2026-03-17,43,2026-03-17
2981-30-LE26,SUMINISTRO DE INSUMOS GRÁFICOS,Desierta (o art. 3 ó 9 Ley 19.886),LE,Región Metropolitana de Santiago,Ñuñoa,POLICIA DE INVESTIGACIONES DE CHILE,55000000.0,CLP,2026-02-23,2026-03-05,2026-03-16,1,2026-03-17
4127-15-LE26,[DIVAP] 220 SET INSUMOS CARROS LACTANCIA MATERNA,Cerrada,LE,Región Metropolitana de Santiago,Santiago,SUBSECRETARIA DE SALUD PUBLICA,69000000.0,CLP,2026-03-05,2026-03-16,2026-03-26,1,2026-03-17
4965-13-LE26,SUMINISTRO COCTEL Y REPOSTERIA AREAS MUNICIPAL SALUD Y EDUCACION 2026,Adjudicada,LE,Región del Libertador General Bernardo O´Higgins,Marchigue,I MUNICIPALIDAD DE MARCHIGUE,,CLP,2026-02-23,2026-03-04,2026-03-16,3,2026-03-17
788110-5-LE26,PLAN COMPLEMENTARIO DE SALUD PROGRAMA BIENESTAR,Cerrada,LE,Región del Libertador General Bernardo O´Higgins,San Vicente de Tagua Tagua,I MUNICIPALIDAD DE SAN VICENTE,,CLP,2026-03-05,2026-03-16,2026-03-26,1,2026-03-17
3558-11-LE26,INSUMOS ODONTOLOGICOS,Publicada,LE,Región del Maule,Pencahue,I MUNICIPALIDAD DE PENCAHUE,,CLP,2026-03-16,2026-03-27,2026-04-03,77,2026-03-17
3977-2-L126,MEDICAMENTOS ABASTECIMIENTO FARMACIA COMUNITARIA OP N°13,Publicada,L1,Región Metropolitana de Santiago,Alhué,I MUNICIPALIDAD DE SANTA BARBARA,2234880.0,CLP,2026-03-16,2026-03-23,2026-04-12,10,2026-03-17
608-34-LP26,ERN INSUMOS CLINICOS CÁNULAS AUXILIARES Y ARTERIAL,Cerrada,LP,Región de Valparaíso,Viña del Mar,HOSPITAL DR GUSTAVO FRICKE DE VINA DEL MAR,,CLP,2026-02-23,2026-03-16,2026-05-11,12,2026-03-17
2123-2-L126,E1O2RT9 SUMINISTRO DE TIMBRES PARA LA SEREMI DE SALUD VALPARAÍSO,Cerrada,L1,Región de Valparaíso,Valparaíso,SUBSECRETARIA DE SALUD PUBLICA,6975000.0,CLP,2026-03-09,2026-03-16,2026-04-16,1,2026-03-17
2832-1-LP26,2DO. LLAMADO CTTO. SUM GESTIÓN DE HORAS MÉDICAS DEPARTAMENTO DE SALUD I. MUNICIPALIDAD DE QUILLOTA,Adjudicada,LP,Región de Valparaíso,Quillota,I MUNICIPALIDAD DE QUILLOTA,,CLP,2026-01-15,2026-02-03,2026-03-16,1,2026-03-17
3240-5-LE26,INSUMOS DE LABORATORIO DENTAL,Publicada,LE,Región de Valparaíso,Valparaíso,DIRECCION DE ABASTECIMIENTO DE LA ARMADA,33613444.0,CLP,2026-03-16,2026-03-26,2026-04-02,21,2026-03-17
3656-73-LE26,SUMINISTRO ADQUISICION DE INSUMOS VETERINARIOS ILUSTRE MUNICIPALIDAD DE REQUÍNOA,Publicada,LE,Región del Libertador General Bernardo O´Higgins,Requinoa,I MUNICIPALIDAD DE REQUINOA,,CLP,2026-03-16,2026-03-26,2026-04-20,2,2026-03-17
4113-23-LE26,2 LLAMADO CONV.SUMINISTRO ADQ.REP.INSUMOS Y ACC.VEHIC.LIVIA,Cerrada,LE,Región de la Araucanía,Melipeuco,ILUSTRE MUNICIPALIDAD MELIPEUCO,,CLP,2026-03-06,2026-03-16,2026-03-17,1,2026-03-17
4642-26-LE26,SERVICIO INTEGRAL DE CONTROL DE VECTORES DESINSECTACIÓN SANITIZACIÓN Y DESRATIZACIÓN PARA LOS CENTROS MÉDICOS Y DENTALES DE PAILAHUEQUE Y PUERTO MONTT Y PARA EL CENTRO DE SALUD FAMILIAR SANTIAGO OCCIDENTE PERTENECIENTES A LA RED SALUD DE CARABINEROS,Publicada,LE,Región Metropolitana de Santiago,,DIRECCION DE LOGISTICA DE CARABINEROS,,CLP,2026-03-16,2026-04-06,2026-04-27,3,2026-03-17
2591-39-CO26,CONTRATO DE SUMINISTRO DE INSUMOS PARA ALCALDÍA,Publicada,CO,Región de Tarapacá,Pozo Almonte,ILUSTRE MUNICIPALIDAD DE POZO ALMONTE,33084975.0,CLP,2026-03-16,2026-03-27,2026-04-27,1,2026-03-17
3016-15-LE26,CONTRATO DE SUMINISTRO DE MATERIALES E INSUMOS DE FERRETERÍA MAYOR PARA LA ILUSTRE MUNICIPALIDAD DE LOLOL AÑO 2026-2027,Desierta (o art. 3 ó 9 Ley 19.886),LE,Región del Libertador General Bernardo O´Higgins,Lolol,I MUNICIPALIDAD DE LOLOL,19000000.0,CLP,2026-02-19,2026-03-02,2026-03-16,1,2026-03-17
4031-2-LE26,ADQUISICIÓN HERRAMIENTAS EQUIPOS E INSUMOS,Publicada,LE,Región de Tarapacá,Camiña,ILUSTRE MUNICIPALIDAD DE CAMINA,65709820.0,CLP,2026-03-16,2026-03-26,2026-04-03,2,2026-03-17
4642-15-LE26,2502918 CONTRATACIÓN DEL SERVICIO DE REPARACIÓN DE LAS BOMBAS DE AGUA POTABLE Y ELEVACIÓN DE LA SALA DE BOMBAS DE CARGO DEL CONSULTORIO LOS ÁLAMOS PERTENECIENTE A LA RED SALUD DE CARABINEROS.,Revocada,LE,Región Metropolitana de Santiago,,DIRECCION DE LOGISTICA DE CARABINEROS,25000000.0,CLP,2026-02-11,2026-02-23,2026-04-17,1,2026-03-17
5067-186-LE25,ADQUISICIÓN EQUIPAMIENTO DE SALUD,Adjudicada,LE,Región Metropolitana de Santiago,,UNIVERSIDAD DE SANTIAGO DE CHILE,15800000.0,CLP,2025-10-16,2025-10-23,2026-03-16,2,2026-03-17
5147-12-LE26,ADQUISICIÓN DE MEDICAMENTOS PARA DEPTO. SALUD,Publicada,LE,Región de Magallanes y de la Antártica,Timaukel,ILUSTRE MUNICIPALIDAD DE TIMAUKEL,,CLP,2026-03-16,2026-03-26,2026-03-27,13,2026-03-17
837-1-LE26,CDP 26 ADQUISICIÓN DE FRASCOS HISTOLÓGICOS PARA EL SERVICIO MÉDICO LEGAL A NIVEL NACIONAL,Adjudicada,LE,Región Metropolitana de Santiago,San Felipe,SERVICIO MEDICO LEGAL,20400000.0,CLP,2026-02-06,2026-02-18,2026-03-16,1,2026-03-17
948806-5-LE26,ADQUISICIÓN DE PRÓTESIS TOTAL DE RODILLA NO CEMENTADA EN MODALIDAD DE CONSIGNACIÓN EN TRÁNSITO POR SISTEMA DE SUMINISTRO PARA EL HOSPITAL DIPRECA,Desierta (o art. 3 ó 9 Ley 19.886),LE,Región Metropolitana de Santiago,Las Condes,FONDO HOSPITAL DE LA DIRECCION DE PREVISION DE CARABINEROS DE CHILE,69000000.0,CLP,2026-01-22,2026-02-02,2026-03-16,1,2026-03-17
3436-31-LE26,INSUMOS COMPUTACIONALES ITEM 22.04.009,Publicada,LE,Región Metropolitana de Santiago,Maipú,DIVISION LOGISTICA DEL EJERCITO,9361492.0,CLP,2026-03-16,2026-03-26,2026-04-13,18,2026-03-17
4856-18-L126,FARMACOS E INSUMOS PARA FARMACIA DEL CESFAM,Publicada,L1,Región del Biobío,Tirúa,I MUNICIPALIDAD DE TIRUA,,CLP,2026-03-16,2026-03-23,2026-03-24,15,2026-03-17
608-53-LP26,ERN CONVENIO SUMINISTRO INSUMOS CLINICOS CANULA VENOSA UNICA UN CANASTO Y ARTERIAL FEMORAL,Cerrada,LP,Región de Valparaíso,Viña del Mar,HOSPITAL DR GUSTAVO FRICKE DE VINA DEL MAR,,CLP,2026-02-23,2026-03-16,2026-05-11,13,2026-03-17
699866-43-LP26,ADQUISICION DE CANULAS TIPO APNEA TRAQUEOTOMIA Y NASAL ESPECULOS DE OIDOS TUBO CONECTOR PARA VASO HUMIDIFICADOR Y OTROS INSUMOS,Publicada,LP,Región del Maule,Talca,SERVICIO DE SALUD DEL MAULE HOSPITAL DE TALCA,,CLP,2026-03-16,2026-03-26,2026-04-23,11,2026-03-17
1979-48-LP26,65.26 “SERVICIO DE MANTENCION PREVENTIVA Y CORRECTIVA PARA VENTILADOR MECANICO DE TRANSPORTE Y ELECTROENCEFALÓGRAFO PORTÁTIL PARA NODO COSTERO: HOSPITAL DE NUEVA IMPERIAL.”,Publicada,LP,Región de la Araucanía,Nueva Imperial,SERVICIO DE SALUD ARAUCANIA SUR HOSPITAL DE NUEVA IMPERIAL,,CLP,2026-03-16,2026-04-06,2026-07-06,1,2026-03-17
2048-23-LE26,COMPRA DE SERVICIO PROFESIONAL TICS PARA EL HOSPITAL DE ANCUD,Cerrada,LE,Región de los Lagos,,SERVICIO DE SALUD CHILOE,,CLP,2026-03-09,2026-03-16,2026-03-31,1,2026-03-17
2107-41-LE26,ADQUISICIÓN DE INSUMOS MÉDICOS DE USO EN PABELLON PARA REPOSICIÓN DE STOCK BODEGA CENTRAL.,Publicada,LE,Región del Libertador General Bernardo O´Higgins,Santa Cruz,SERVICIO DE SALUD HOSPITAL DE SANTA CRUZ,,CLP,2026-03-16,2026-03-27,2026-04-30,21,2026-03-17
2483-9-LE26,SUMINISTRO DE INSUMOS QUIRÚRGICOS PARA LOS CENTROS DEL DEPARTAMENTO DE HIGIENE AMBIENTAL DE LA MUNICIPALIDAD DE QUILICURA,Cerrada,LE,Región Metropolitana de Santiago,,I MUNICIPALIDAD DE QUILICURA,,CLP,2026-03-05,2026-03-16,2026-04-30,1,2026-03-17
3996-12-LE26,MANTENCIONES Y REPARACIONES VEHÍCULOS - SALUD,Adjudicada,LE,Región del Libertador General Bernardo O´Higgins,Coltauco,I MUNICIPALIDAD DE COLTAUCO,,CLP,2026-02-18,2026-03-02,2026-03-16,1,2026-03-17
4484-5-L126,INSUMOS MEDICOS PARA CESFAM,Adjudicada,L1,Región de Atacama,Tierra Amarilla,I MUNICIPALIDAD DE TIERRA AMARILLA,,CLP,2026-02-24,2026-03-02,2026-03-16,7,2026-03-17
750998-10-LP26,SUMINISTRO DE EXÁMENES Y PROCEDIMIENTOS MÉDICOS,Publicada,LP,Región Metropolitana de Santiago,Lo Espejo,I MUNICIPALIDAD DE LO ESPEJO,,CLP,2026-03-16,2026-04-06,2026-05-15,1,2026-03-17
948354-19-LE26,ADQUISICIÓN DE REPUESTOS PARA VENTILADOR PURITAN BENNETT 980 PARA EL HOSPITAL DE LA DIRECCIÓN DE PREVISIÓN DE CARABINEROS DE CHILE.,Adjudicada,LE,Región Metropolitana de Santiago,Las Condes,FONDO HOSPITAL DE LA DIRECCION DE PREVISION DE CARABINEROS DE CHILE,16000000.0,CLP,2026-02-18,2026-03-02,2026-03-16,1,2026-03-17
1003473-11-LP26,CONTRATO DE SUMINISTRO DE JERINGAS Y AGUJAS PARA HOSPITAL SAN JUAN DE DIOS DE CURICÓ,Publicada,LP,Región del Maule,,SERVICIO DE SALUD DEL MAULE HOSPITAL DE CURICO,,CLP,2026-03-16,2026-04-01,2026-07-03,9,2026-03-17
1057430-16-LP26,CONVENIO DE SUMINISTRO INSUMOS REHABILITACIÓN ORAL,Cerrada,LP,Región del Biobío,Lota,SERVICIO NACIONAL DE SALUD HOSPITAL DE LOTA,,CLP,2026-02-24,2026-03-16,2026-06-12,149,2026-03-17
1057489-47-LE26,CONVENIO DE SUMINISTRO DE PLACAS DE AGAR PREPARADAS PARA EL ÁREA TÉCNICA DE MICROBIOLOGÍA POR 36 MESES EN EL HOSPITAL DEL SALVADOR,Adjudicada,LE,Región Metropolitana de Santiago,Alhué,SERVICIO DE SALUD ORIENTE HOSPITAL DEL SALVADOR,55000000.0,CLP,2026-02-11,2026-02-23,2026-03-16,4,2026-03-17
1057501-759-LE25,CONVENIO INSUMOS VARIOS PABELLON CENTRAL,Adjudicada,LE,Región Metropolitana de Santiago,,COMPLEJO ASISTENCIAL DR. SOTERO DEL RIO,,CLP,2026-02-05,2026-02-16,2026-03-16,3,2026-03-17
1057544-44-LP26,CONTRATACIÓN DE SERVICIOS MÉDICOS PARA LA REALIZACIÓN DE CONSULTAS MÉDICAS DE ESPECIALIDAD DE CIRUGÍA DE CABEZA Y CUELLO,Adjudicada,LP,Región del Biobío,Talcahuano,SERVICIO DE SALUD DE TALCAHUANO HOSPITAL,,CLP,2026-02-09,2026-02-19,2026-03-16,1,2026-03-17
1247197-10-LE26,ADQUISICIÓN DE MOBILIARIO MEDICO,Cerrada,LE,Región Metropolitana de Santiago,Conchalí,CORP MUNICIPAL DE CONCHALI DE EDUCACION SALUD Y ATENCION DE MENORES,8321000.0,CLP,2026-03-06,2026-03-16,2026-04-16,4,2026-03-17
1947-34-LE26,221- ADQUISICIÓN DE TORULAS CON EQUIPO EN COMODATO PARA EL HOSPITAL DE NIÑOS DR. ROBERTO DEL RIO - BCZ,Cerrada,LE,Región Metropolitana de Santiago,Independencia,SERVICIO DE SALUD NORTE HOSPITAL ROBERTO DEL RIO,,CLP,2026-02-27,2026-03-16,2026-04-15,2,2026-03-17
898-216-LE24,CIRCUITOS DE FUERZA PARA CALEFACCION SALUD MENTAL,Revocada,LE,Región de Valparaíso,San Antonio,SERVICIO DE SALUD VALPARAISO SAN ANTONIO,23521721.0,CLP,2024-12-12,2024-12-17,2024-12-31,2,2026-03-17
2773-12-LE26,ADQUISICION DE INSTRUMENTAL MÉDICO POR CONVENIO APS UNIVERSAL,Cerrada,LE,Región del Biobío,Chiguayante,I MUNICIPALIDAD DE CHIGUAYANTE,25000000.0,CLP,2026-03-04,2026-03-16,2026-03-25,15,2026-03-17
3561-6-LE26,SUPLEMENTOS NUTRICIONALES PARA FARMACIA COMUNAL,Adjudicada,LE,Región de Valparaíso,La Calera,I MUNICIPALIDAD DE LA CALERA,30000000.0,CLP,2026-02-19,2026-03-05,2026-03-16,7,2026-03-17
3885-11-LR26,OPERACIÓN Y MANTENCIÓN DE RELLENO SANITARIO DE LA COMUNA DE PICA,Cerrada,LR,Región de Tarapacá,,I MUNICIPALIDAD DE PICA,425000000.0,CLP,2026-02-13,2026-03-16,2026-03-31,1,2026-03-17
418-15-LP26,CONVENIO SUMINISTRO DE INSUMOS TOMA DE MUESTRAS,Cerrada,LP,Región Aysén del General Carlos Ibáñez del Campo,Aysén,SERVICIO NACIONAL DE SALUD HOSPITAL DE PUERTO AYSEN,,CLP,2026-02-23,2026-03-16,2026-04-16,1,2026-03-17
4594-8-LE26,SUMINISTRO DE TUBOS AL VACÍO E INSUMOS,Cerrada,LE,Región del Ñuble,Coihueco,I MUNICIPALIDAD DE COIHUECO,10000000.0,CLP,2026-03-04,2026-03-16,2026-04-09,1,2026-03-17
4810-4-LE26,INSUMOS PARA DESARROLLO TALLERES OF.DISCAPACIDAD II LLAMADO,Cerrada,LE,Región del Libertador General Bernardo O´Higgins,Las Cabras,I MUNICIPALIDAD DE LAS CABRAS,,CLP,2026-03-04,2026-03-16,2026-03-30,4,2026-03-17
705290-3-LP26,PRESTACION DE SERVICIOS MEDICOS Y NO MEDICOS,Revocada,LP,Región Metropolitana de Santiago,,SERVICIO SALUD OCCIDENTE HOSPITAL DR FELIX BULNES CERDA,,CLP,2026-01-15,2026-01-29,2026-03-12,9,2026-03-17
769-25-LE26,PROGRAMA ESTRATEGIAS SALUD BUCAL TALTAL PP-26,Publicada,LE,Región de Antofagasta,Antofagasta,SERVICIO DE SALUD ANTOFAGASTA DIRECCION,,CLP,2026-03-16,2026-04-07,2026-05-07,1,2026-03-17
769-26-LE26,PROGRAMA ESTRATEGIAS DE SALUD BUCAL PP-27,Publicada,LE,Región de Antofagasta,Antofagasta,SERVICIO DE SALUD ANTOFAGASTA DIRECCION,,CLP,2026-03-16,2026-03-26,2026-04-27,1,2026-03-17
1057534-12-LP26,CONVENIO DE SUMINISTRO DE INSUMOS ARTROSCOPIA,Publicada,LP,Región de los Lagos,Purranque,SERVICIO DE SALUD OSORNO HOSPITAL PURRANQUE,,CLP,2026-03-16,2026-03-30,2026-04-30,1,2026-03-17
1063538-45-LE26,ADQUISICION DE REPUESTOS PARA EQUIPOS MEDICOS,Publicada,LE,Región de los Lagos,Osorno,HOSPITAL BASE OSORNO,,CLP,2026-03-16,2026-03-23,2026-05-25,6,2026-03-17
1078333-1-L126,SERVICIOS MÉDICOS ESPECIALIZADOS PARA REALIZACIÓN DE ECOTOMOGRAFÍAS ABDOMINALES PARA PACIENTES DEL HPH,Cerrada,L1,Región de Atacama,Vallenar,HOSPITAL PROVINCIAL   DEL HUASCO MSR FERNANDO ARIZTIA RUIZ,6300000.0,CLP,2026-03-06,2026-03-16,2026-03-30,1,2026-03-17
1398-27-L126,"DOCENCIA ENFOQUE DE GÉNERO, DIVERDIDAD Y PREVENCIÓN DE VIOLENCIA DE GÉNERO EN LA GESTIÓN Y ATENCIÓN DESALUD PÚBLICA",Publicada,L1,Región del Libertador General Bernardo O´Higgins,Rancagua,SERVICIO DE SALUD LIBERTADOR BDO OHIGGINS,2200000.0,CLP,2026-03-16,2026-03-23,2026-04-23,1,2026-03-17
1490160-15-LE26,SUMINISTRO DE INSUMOS PARA LA ESPECIALIDAD DE GASTRONOMÍA DEL LICEO GUILLERMO LABARCA HUBERSTON,Adjudicada,LE,Región Metropolitana de Santiago,Quinta Normal,SERVICIO LOCAL DE EDUCACIÓN PÚBLICA LOS PARQUES,15000000.0,CLP,2026-03-06,2026-03-12,2026-03-16,1,2026-03-17
2215-13-LP26,INSUMOS PARA CIRUGÍA CATARATAS Y FACOEMULSIFICADOR,Publicada,LP,Región de Antofagasta,Antofagasta,SERVICIO DE SALUD ANTOFAGASTA HOSP C CIS,,CLP,2026-03-16,2026-04-09,2026-05-04,2,2026-03-17
2986-13-LE26,CONT.SUM. SERVICIO DE MANT. Y REP. VEHÍCULOS SALUD,Publicada,LE,Región de Los Ríos,Los Lagos,I MUNICIPALIDAD DE LOS LAGOS,,CLP,2026-03-16,2026-03-23,2026-03-31,1,2026-03-17
635-49-LE26,OBRAS DE MITIGACIÓN VIAL PARA CENTRO DE SALUD AMBIENTAL SERVICIO DE SALUD ARICA Y PARINACOTA OT 352,Publicada,LE,Región de Arica y Parinacota,,SERVICIO DE SALUD DE ARICA Y PARINACOTA,43000000.0,CLP,2026-03-16,2026-03-27,2026-04-21,1,2026-03-17
757-2-LP26,[DIFAI] CONTRATACIÓN DE SERVICIOS DE RADIO TAXI Y VAN PARA TRANSPORTE DE FUNCIONARIOS DEL MINISTERIO DE SALUD,Revocada,LP,Región Metropolitana de Santiago,Santiago Centro,SUBSECRETARIA DE SALUD PUBLICA,300000000.0,CLP,2026-01-06,2026-02-02,2026-04-30,1,2026-03-17
